category,condition,page_url,image_url,index,status
Kidney & Urinary,Kidney stones,https://radiopaedia.org/articles/renal-calculi,https://prod-images-static.radiopaedia.org/images/5653000/df6394edb827bdabf0d4df05a2b128_gallery.JPG,1,ok
Kidney & Urinary,Kidney stones,https://radiopaedia.org/articles/renal-calculi,https://prod-images-static.radiopaedia.org/images/5653000/df6394edb827bdabf0d4df05a2b128_big_gallery.JPG,2,ok
Kidney & Urinary,Kidney stones,https://radiopaedia.org/articles/renal-calculi,https://prod-images-static.radiopaedia.org/images/24804/1af425ddaf16fa001b5d129ec2ecbb_big_gallery.jpeg,3,ok
Kidney & Urinary,Hydronephrosis,https://radiopaedia.org/articles/hydronephrosis,https://prod-images-static.radiopaedia.org/images/7380081/36a09d2210c910181cd41d6a7bcf6a_gallery.JPG,1,ok
Kidney & Urinary,Hydronephrosis,https://radiopaedia.org/articles/hydronephrosis,https://prod-images-static.radiopaedia.org/images/7380081/36a09d2210c910181cd41d6a7bcf6a_big_gallery.JPG,2,ok
Kidney & Urinary,Hydronephrosis,https://radiopaedia.org/articles/hydronephrosis,https://prod-images-static.radiopaedia.org/images/24875/adf9769a7bd13f6b9b89dc56dd86fb_big_gallery.jpeg,3,ok
Kidney & Urinary,Renal cell carcinoma,,,,not_found
Kidney & Urinary,Nephrolithiasis,https://radiopaedia.org/articles/nephrolithiasis,https://prod-images-static.radiopaedia.org/images/5653000/df6394edb827bdabf0d4df05a2b128_gallery.JPG,1,ok
Kidney & Urinary,Nephrolithiasis,https://radiopaedia.org/articles/nephrolithiasis,https://prod-images-static.radiopaedia.org/images/5653000/df6394edb827bdabf0d4df05a2b128_big_gallery.JPG,2,ok
Kidney & Urinary,Nephrolithiasis,https://radiopaedia.org/articles/nephrolithiasis,https://prod-images-static.radiopaedia.org/images/24804/1af425ddaf16fa001b5d129ec2ecbb_big_gallery.jpeg,3,ok
Kidney & Urinary,Bladder stone,https://radiopaedia.org/articles/vesical-calculus,https://prod-images-static.radiopaedia.org/images/28223996/b0c666c73cfa3e5114ddc6c1aa2142_gallery.jpeg,1,ok
Kidney & Urinary,Bladder stone,https://radiopaedia.org/articles/vesical-calculus,https://prod-images-static.radiopaedia.org/images/28223996/b0c666c73cfa3e5114ddc6c1aa2142_big_gallery.jpeg,2,ok
Kidney & Urinary,Bladder stone,https://radiopaedia.org/articles/vesical-calculus,https://prod-images-static.radiopaedia.org/images/55534935/Bladder_stones_big_gallery.jpeg,3,ok
Kidney & Urinary,Renal cyst,https://radiopaedia.org/articles/renal-cyst,https://prod-images-static.radiopaedia.org/images/5828121/115649dde8f218779c9223056e1779_gallery.jpg,1,ok
Kidney & Urinary,Renal cyst,https://radiopaedia.org/articles/renal-cyst,https://prod-images-static.radiopaedia.org/images/5828121/115649dde8f218779c9223056e1779_big_gallery.jpg,2,ok
Kidney & Urinary,Renal cyst,https://radiopaedia.org/articles/renal-cyst,https://prod-images-static.radiopaedia.org/images/5816521/b3f4ff14786b8d73dea3df62d395ca_big_gallery.jpg,3,ok
Kidney & Urinary,Polycystic kidney disease,https://radiopaedia.org/articles/autosomal-dominant-polycystic-kidney-disease,https://prod-images-static.radiopaedia.org/images/25247/6bd07d144599a14ccc1a6325c47808_gallery.jpeg,1,ok
Kidney & Urinary,Polycystic kidney disease,https://radiopaedia.org/articles/autosomal-dominant-polycystic-kidney-disease,https://prod-images-static.radiopaedia.org/images/25247/6bd07d144599a14ccc1a6325c47808_big_gallery.jpeg,2,ok
Kidney & Urinary,Polycystic kidney disease,https://radiopaedia.org/articles/autosomal-dominant-polycystic-kidney-disease,https://prod-images-static.radiopaedia.org/images/25248/d786b88a87abee8b2664bacd5807cd_big_gallery.jpeg,3,ok
Respiratory/Lung,Pleural effusion,https://radiopaedia.org/articles/pleural-effusion,https://prod-images-static.radiopaedia.org/images/30358833/5ea2a411525d9a6d0d69106b3bfbc4_gallery.jpeg,1,ok
Respiratory/Lung,Pleural effusion,https://radiopaedia.org/articles/pleural-effusion,https://prod-images-static.radiopaedia.org/images/30358833/5ea2a411525d9a6d0d69106b3bfbc4_big_gallery.jpeg,2,ok
Respiratory/Lung,Pleural effusion,https://radiopaedia.org/articles/pleural-effusion,https://prod-images-static.radiopaedia.org/images/53183623/f69b9ba15aa08e02024c4dc168ab80aa0dfc09c8bde1662cd7ce62d13c7b016d_big_gallery.jpeg,3,ok
Respiratory/Lung,Pneumonia,https://radiopaedia.org/articles/pneumonia,https://prod-images-static.radiopaedia.org/images/1371188/0a1f5edc85aa58d5780928cb39b08659c1fc4d6d7c7dce2f8db1d63c7c737234_gallery.jpeg,1,ok
Respiratory/Lung,Pneumonia,https://radiopaedia.org/articles/pneumonia,https://prod-images-static.radiopaedia.org/images/1371188/0a1f5edc85aa58d5780928cb39b08659c1fc4d6d7c7dce2f8db1d63c7c737234_big_gallery.jpeg,2,ok
Respiratory/Lung,Pneumonia,https://radiopaedia.org/articles/pneumonia,https://prod-images-static.radiopaedia.org/images/8151527/95a07767cebe3da2923819c650a539_big_gallery.jpg,3,ok
Respiratory/Lung,Pulmonary edema,https://radiopaedia.org/articles/pulmonary-oedema,https://prod-images-static.radiopaedia.org/images/1564322/e0fdf80eb6c7565a88b3650cfde94d_gallery.jpg,1,ok
Respiratory/Lung,Pulmonary edema,https://radiopaedia.org/articles/pulmonary-oedema,https://prod-images-static.radiopaedia.org/images/1564322/e0fdf80eb6c7565a88b3650cfde94d_big_gallery.jpg,2,ok
Respiratory/Lung,Pulmonary edema,https://radiopaedia.org/articles/pulmonary-oedema,https://prod-images-static.radiopaedia.org/images/1429771/ef3a23eddf31faee980a4011d9d5ee_big_gallery.jpg,3,ok
Respiratory/Lung,Atelectasis,https://radiopaedia.org/articles/atelectasis,https://prod-images-static.radiopaedia.org/images/2113848/dd704328facac0936956cf5788fa5f_gallery.jpg,1,ok
Respiratory/Lung,Atelectasis,https://radiopaedia.org/articles/atelectasis,https://prod-images-static.radiopaedia.org/images/2113848/dd704328facac0936956cf5788fa5f_big_gallery.jpg,2,ok
Respiratory/Lung,Atelectasis,https://radiopaedia.org/articles/atelectasis,https://prod-images-static.radiopaedia.org/images/583698/5383b773b0b3ca2ecdf35ee1f26e5a_big_gallery.jpg,3,ok
Respiratory/Lung,Emphysema,,,,not_found
Respiratory/Lung,Pulmonary fibrosis,,,,not_found
Respiratory/Lung,Pulmonary embolism,https://radiopaedia.org/articles/pulmonary-embolism,https://prod-images-static.radiopaedia.org/images/59969841/fe1abfa5e8086eb7e0d6aa44c3d00ede0906e0ce2b0d022eb1530111701e1fc3_gallery.jpeg,1,ok
Respiratory/Lung,Pulmonary embolism,https://radiopaedia.org/articles/pulmonary-embolism,https://prod-images-static.radiopaedia.org/images/59969841/fe1abfa5e8086eb7e0d6aa44c3d00ede0906e0ce2b0d022eb1530111701e1fc3_big_gallery.jpeg,2,ok
Respiratory/Lung,Pulmonary embolism,https://radiopaedia.org/articles/pulmonary-embolism,https://prod-images-static.radiopaedia.org/images/59632221/419fb0cc39742cfe12fdfc53c07b5f9a2c2011d379ec576401f59942ed7f7d34_big_gallery.jpeg,3,ok
Respiratory/Lung,Pneumothorax,https://radiopaedia.org/articles/pneumothorax,https://prod-images-static.radiopaedia.org/images/4986070/d51d434314fe86c62d018404ad9bb7_gallery.jpeg,1,ok
Respiratory/Lung,Pneumothorax,https://radiopaedia.org/articles/pneumothorax,https://prod-images-static.radiopaedia.org/images/4986070/d51d434314fe86c62d018404ad9bb7_big_gallery.jpeg,2,ok
Respiratory/Lung,Pneumothorax,https://radiopaedia.org/articles/pneumothorax,https://prod-images-static.radiopaedia.org/images/25371812/245d5e88c4b42c42b62ba9b703c4cc_big_gallery.jpeg,3,ok
Respiratory/Lung,ARDS,,,,not_found
Cardiovascular,Enlarged heart,https://radiopaedia.org/articles/cardiomegaly,https://prod-images-static.radiopaedia.org/images/566180/d527ff6fc1482161c9225345c4ab42_gallery.jpg,1,ok
Cardiovascular,Enlarged heart,https://radiopaedia.org/articles/cardiomegaly,https://prod-images-static.radiopaedia.org/images/566180/d527ff6fc1482161c9225345c4ab42_big_gallery.jpg,2,ok
Cardiovascular,Enlarged heart,https://radiopaedia.org/articles/cardiomegaly,https://prod-images-static.radiopaedia.org/images/604505/8d2027dc816cf6bea4ced88ff487cbef1636da2890b7c558846da148431559c9_big_gallery.jpeg,3,ok
Cardiovascular,Aortic aneurysm,https://radiopaedia.org/articles/abdominal-aortic-aneurysm,https://prod-images-static.radiopaedia.org/images/563667/622abf0b7f349e6f9973927da55af886b33fb6702773715863e6ff754b776cb0_gallery.jpeg,1,ok
Cardiovascular,Aortic aneurysm,https://radiopaedia.org/articles/abdominal-aortic-aneurysm,https://prod-images-static.radiopaedia.org/images/563667/622abf0b7f349e6f9973927da55af886b33fb6702773715863e6ff754b776cb0_big_gallery.jpeg,2,ok
Cardiovascular,Aortic aneurysm,https://radiopaedia.org/articles/abdominal-aortic-aneurysm,https://prod-images-static.radiopaedia.org/images/537896/193227405d7bc7093cf287f4045b25_big_gallery.jpg,3,ok
Cardiovascular,Aortic dissection,https://radiopaedia.org/articles/aortic-dissection,https://prod-images-static.radiopaedia.org/images/25433008/33eebc684303b90bed796d3298b20a_gallery.jpeg,1,ok
Cardiovascular,Aortic dissection,https://radiopaedia.org/articles/aortic-dissection,https://prod-images-static.radiopaedia.org/images/25433008/33eebc684303b90bed796d3298b20a_big_gallery.jpeg,2,ok
Cardiovascular,Aortic dissection,https://radiopaedia.org/articles/aortic-dissection,https://prod-images-static.radiopaedia.org/images/587/6fd2c5081df13d6ae300b54a20e783_big_gallery.jpeg,3,ok
Cardiovascular,Pericardial effusion,https://radiopaedia.org/articles/pericardial-effusion,https://prod-images-static.radiopaedia.org/images/69836140/f3aa294793e41ee91ea78a25539a016a2fe8bcc93fb76d0558416da12386b356_gallery.jpeg,1,ok
Cardiovascular,Pericardial effusion,https://radiopaedia.org/articles/pericardial-effusion,https://prod-images-static.radiopaedia.org/images/69836140/f3aa294793e41ee91ea78a25539a016a2fe8bcc93fb76d0558416da12386b356_big_gallery.jpeg,2,ok
Cardiovascular,Pericardial effusion,https://radiopaedia.org/articles/pericardial-effusion,https://prod-images-static.radiopaedia.org/images/60518382/bf87561b6d5787b810f49d382dea62b387412d66c3fc608fc0c81b9ac8d8c132_big_gallery.jpeg,3,ok
Cardiovascular,Carotid stenosis,https://radiopaedia.org/articles/carotid-artery-stenosis,https://prod-images-static.radiopaedia.org/images/52630939/928a50c5aefabbb46992593f8c5a3f_gallery.jpeg,1,ok
Cardiovascular,Carotid stenosis,https://radiopaedia.org/articles/carotid-artery-stenosis,https://prod-images-static.radiopaedia.org/images/52630939/928a50c5aefabbb46992593f8c5a3f_big_gallery.jpeg,2,ok
Cardiovascular,Carotid stenosis,https://radiopaedia.org/articles/carotid-artery-stenosis,https://prod-images-static.radiopaedia.org/images/8807248/906b36856e433c3a2b3985b0bd00e2_big_gallery.jpg,3,ok
Cardiovascular,Deep vein thrombosis,https://radiopaedia.org/articles/deep-vein-thrombosis,https://prod-images-static.radiopaedia.org/images/12103915/e735156efc62d0e7bf7db54647e5c2_gallery.jpg,1,ok
Cardiovascular,Deep vein thrombosis,https://radiopaedia.org/articles/deep-vein-thrombosis,https://prod-images-static.radiopaedia.org/images/12103915/e735156efc62d0e7bf7db54647e5c2_big_gallery.jpg,2,ok
Cardiovascular,Deep vein thrombosis,https://radiopaedia.org/articles/deep-vein-thrombosis,https://prod-images-static.radiopaedia.org/images/381423/33e6681df31b4d19e8cac6216155a1_big_gallery.jpg,3,ok
Cardiovascular,Portal vein thrombosis,https://radiopaedia.org/articles/portal-vein-thrombosis,https://prod-images-static.radiopaedia.org/images/25404/839f540df44c10ae85fad492f9f89d_gallery.jpeg,1,ok
Cardiovascular,Portal vein thrombosis,https://radiopaedia.org/articles/portal-vein-thrombosis,https://prod-images-static.radiopaedia.org/images/25404/839f540df44c10ae85fad492f9f89d_big_gallery.jpeg,2,ok
Cardiovascular,Portal vein thrombosis,https://radiopaedia.org/articles/portal-vein-thrombosis,https://prod-images-static.radiopaedia.org/images/31196/f029a368a913d90cdefdaf67c2f108_big_gallery.jpg,3,ok
Cardiovascular,Portal hypertension,https://radiopaedia.org/articles/portal-hypertension,https://prod-images-static.radiopaedia.org/images/10528/a9947b23e470418692a2ddbefbf91a_gallery.jpeg,1,ok
Cardiovascular,Portal hypertension,https://radiopaedia.org/articles/portal-hypertension,https://prod-images-static.radiopaedia.org/images/10528/a9947b23e470418692a2ddbefbf91a_big_gallery.jpeg,2,ok
Cardiovascular,Portal hypertension,https://radiopaedia.org/articles/portal-hypertension,https://prod-images-static.radiopaedia.org/images/29588/729aca4f2417d8cfb9e13f9d6cd50b_big_gallery.jpg,3,ok
Cardiovascular,Budd-Chiari syndrome,,,,not_found
Brain & Neurological,Brain tumor,,,,not_found
Brain & Neurological,Stroke,https://radiopaedia.org/articles/stroke,https://prod-images-static.radiopaedia.org/images/545665/c0cc03ff54855a0714645faf43edec_gallery.jpeg,1,ok
Brain & Neurological,Stroke,https://radiopaedia.org/articles/stroke,https://prod-images-static.radiopaedia.org/images/545665/c0cc03ff54855a0714645faf43edec_big_gallery.jpeg,2,ok
Brain & Neurological,Stroke,https://radiopaedia.org/articles/stroke,https://prod-images-static.radiopaedia.org/images/139045/ac57c1be30d13d1c89b8b65d693a03_big_gallery.jpg,3,ok
Brain & Neurological,Brain hemorrhage,https://radiopaedia.org/articles/intracranial-haemorrhage,https://prod-images-static.radiopaedia.org/images/49045534/ef8003922590a5b53125fb36e9e596_gallery.jpeg,1,ok
Brain & Neurological,Brain hemorrhage,https://radiopaedia.org/articles/intracranial-haemorrhage,https://prod-images-static.radiopaedia.org/images/49045534/ef8003922590a5b53125fb36e9e596_big_gallery.jpeg,2,ok
Brain & Neurological,Brain hemorrhage,https://radiopaedia.org/articles/intracranial-haemorrhage,https://prod-images-static.radiopaedia.org/images/66455109/8de8e96b667f7f07b0c4e488ea78d219d613270c0b95e7f614e1370af9d9f37f_big_gallery.jpeg,3,ok
Brain & Neurological,Subdural hematoma,,,,not_found
Brain & Neurological,Epidural hematoma,,,,not_found
Brain & Neurological,Subarachnoid hemorrhage,https://radiopaedia.org/articles/subarachnoid-haemorrhage,https://prod-images-static.radiopaedia.org/images/2919760/f1bf4807b640bb21e4f9fd54f6fd1f_gallery.jpg,1,ok
Brain & Neurological,Subarachnoid hemorrhage,https://radiopaedia.org/articles/subarachnoid-haemorrhage,https://prod-images-static.radiopaedia.org/images/2919760/f1bf4807b640bb21e4f9fd54f6fd1f_big_gallery.jpg,2,ok
Brain & Neurological,Subarachnoid hemorrhage,https://radiopaedia.org/articles/subarachnoid-haemorrhage,https://prod-images-static.radiopaedia.org/images/30462007/f9b3048bebfeeb37c713a1db06a5ae_big_gallery.jpeg,3,ok
Brain & Neurological,Hydrocephalus,https://radiopaedia.org/articles/hydrocephalus,https://prod-images-static.radiopaedia.org/images/8860056/02ba7696890dd8856cdba25dbce041_gallery.jpeg,1,ok
Brain & Neurological,Hydrocephalus,https://radiopaedia.org/articles/hydrocephalus,https://prod-images-static.radiopaedia.org/images/8860056/02ba7696890dd8856cdba25dbce041_big_gallery.jpeg,2,ok
Brain & Neurological,Hydrocephalus,https://radiopaedia.org/articles/hydrocephalus,https://prod-images-static.radiopaedia.org/images/8860052/2af75d166a92e01da2e2703ad565f3_big_gallery.jpeg,3,ok
Brain & Neurological,Multiple sclerosis,https://radiopaedia.org/articles/multiple-sclerosis,https://prod-images-static.radiopaedia.org/images/562/014cd18453a1b963e17e97cf4ec5c3_gallery.jpeg,1,ok
Brain & Neurological,Multiple sclerosis,https://radiopaedia.org/articles/multiple-sclerosis,https://prod-images-static.radiopaedia.org/images/562/014cd18453a1b963e17e97cf4ec5c3_big_gallery.jpeg,2,ok
Brain & Neurological,Multiple sclerosis,https://radiopaedia.org/articles/multiple-sclerosis,https://prod-images-static.radiopaedia.org/images/798/7a111ecd3bebcb930ce9f60ed18840_big_gallery.jpeg,3,ok
Brain & Neurological,Acoustic neuroma,https://radiopaedia.org/articles/vestibular-schwannoma,https://prod-images-static.radiopaedia.org/images/608/2d7d56b5f4a9514fad1a6592589509_gallery.jpeg,1,ok
Brain & Neurological,Acoustic neuroma,https://radiopaedia.org/articles/vestibular-schwannoma,https://prod-images-static.radiopaedia.org/images/608/2d7d56b5f4a9514fad1a6592589509_big_gallery.jpeg,2,ok
Brain & Neurological,Acoustic neuroma,https://radiopaedia.org/articles/vestibular-schwannoma,https://prod-images-static.radiopaedia.org/images/25854460/d5062bf8ea01f356463b88cb48b569_big_gallery.jpeg,3,ok
Brain & Neurological,Chiari malformation,,,,not_found
Brain & Neurological,Syringomyelia,https://radiopaedia.org/articles/syringomyelia,https://prod-images-static.radiopaedia.org/images/16561/073f03ae2c70cf56cf0844813e71cb_gallery.jpeg,1,ok
Brain & Neurological,Syringomyelia,https://radiopaedia.org/articles/syringomyelia,https://prod-images-static.radiopaedia.org/images/16561/073f03ae2c70cf56cf0844813e71cb_big_gallery.jpeg,2,ok
Brain & Neurological,Syringomyelia,https://radiopaedia.org/articles/syringomyelia,https://prod-images-static.radiopaedia.org/images/1159985/7bc83e67867be3fa1cd5e28c5ee1f5_big_gallery.jpg,3,ok
Liver & Biliary,Liver cyst,,,,not_found
Liver & Biliary,Cirrhosis,https://radiopaedia.org/articles/cirrhosis,https://prod-images-static.radiopaedia.org/images/447266/57ca68b0cf5e2a63889ae7b70492fd_gallery.jpeg,1,ok
Liver & Biliary,Cirrhosis,https://radiopaedia.org/articles/cirrhosis,https://prod-images-static.radiopaedia.org/images/447266/57ca68b0cf5e2a63889ae7b70492fd_big_gallery.jpeg,2,ok
Liver & Biliary,Cirrhosis,https://radiopaedia.org/articles/cirrhosis,https://prod-images-static.radiopaedia.org/images/53923517/110064_big_gallery.jpeg,3,ok
Liver & Biliary,Fatty liver,,,,not_found
Liver & Biliary,Hepatomegaly,https://radiopaedia.org/articles/hepatomegaly,https://prod-images-static.radiopaedia.org/images/24805/939d1af5664251cbc76bfea4c69d85_gallery.jpeg,1,ok
Liver & Biliary,Hepatomegaly,https://radiopaedia.org/articles/hepatomegaly,https://prod-images-static.radiopaedia.org/images/24805/939d1af5664251cbc76bfea4c69d85_big_gallery.jpeg,2,ok
Liver & Biliary,Hepatomegaly,https://radiopaedia.org/articles/hepatomegaly,https://prod-images-static.radiopaedia.org/images/25420/f4ad43586abb20167ec3ac23438ee0_big_gallery.jpeg,3,ok
Liver & Biliary,Liver metastases,,,,not_found
Liver & Biliary,Hepatocellular carcinoma,https://radiopaedia.org/articles/hepatocellular-carcinoma,https://prod-images-static.radiopaedia.org/images/260445/abe84ac70adb128a84b4c562dd4709_gallery.jpg,1,ok
Liver & Biliary,Hepatocellular carcinoma,https://radiopaedia.org/articles/hepatocellular-carcinoma,https://prod-images-static.radiopaedia.org/images/260445/abe84ac70adb128a84b4c562dd4709_big_gallery.jpg,2,ok
Liver & Biliary,Hepatocellular carcinoma,https://radiopaedia.org/articles/hepatocellular-carcinoma,https://prod-images-static.radiopaedia.org/images/29041/a2f908f1245a8c86819f56633bc772_big_gallery.jpg,3,ok
Liver & Biliary,Cholecystitis,https://radiopaedia.org/articles/acute-cholecystitis,https://prod-images-static.radiopaedia.org/images/563838/e5ee1d74f78a815f4d287ff26409f2_gallery.jpg,1,ok
Liver & Biliary,Cholecystitis,https://radiopaedia.org/articles/acute-cholecystitis,https://prod-images-static.radiopaedia.org/images/563838/e5ee1d74f78a815f4d287ff26409f2_big_gallery.jpg,2,ok
Liver & Biliary,Cholecystitis,https://radiopaedia.org/articles/acute-cholecystitis,https://prod-images-static.radiopaedia.org/images/563856/a61a99793f19cdb0f19d515a8466fd_big_gallery.jpg,3,ok
Liver & Biliary,Gallstones,,,,not_found
Liver & Biliary,Choledocholithiasis,https://radiopaedia.org/articles/choledocholithiasis,https://prod-images-static.radiopaedia.org/images/156724/8b51342ff676bb2886750ba461ae1f_gallery.jpg,1,ok
Liver & Biliary,Choledocholithiasis,https://radiopaedia.org/articles/choledocholithiasis,https://prod-images-static.radiopaedia.org/images/156724/8b51342ff676bb2886750ba461ae1f_big_gallery.jpg,2,ok
Liver & Biliary,Choledocholithiasis,https://radiopaedia.org/articles/choledocholithiasis,https://prod-images-static.radiopaedia.org/images/597090/fb776fad141c861541f0702defcdde_big_gallery.jpg,3,ok
Liver & Biliary,Biliary obstruction,,,,not_found
Gastrointestinal,Appendicitis,,,,not_found
Gastrointestinal,Bowel obstruction,https://radiopaedia.org/articles/small-bowel-obstruction,https://prod-images-static.radiopaedia.org/images/1625714/4968e6dcd3cd3388e77ac435ad0152_gallery.JPG,1,ok
Gastrointestinal,Bowel obstruction,https://radiopaedia.org/articles/small-bowel-obstruction,https://prod-images-static.radiopaedia.org/images/1625714/4968e6dcd3cd3388e77ac435ad0152_big_gallery.JPG,2,ok
Gastrointestinal,Bowel obstruction,https://radiopaedia.org/articles/small-bowel-obstruction,https://prod-images-static.radiopaedia.org/images/11381359/162fb46ddb2b9f97b0a8d5f1ee7272_big_gallery.jpg,3,ok
Gastrointestinal,Diverticulitis,,,,not_found
Gastrointestinal,Pneumoperitoneum,https://radiopaedia.org/articles/pneumoperitoneum,https://prod-images-static.radiopaedia.org/images/24465/6dac68ce10cab3c0605e8fe86733b7_gallery.jpeg,1,ok
Gastrointestinal,Pneumoperitoneum,https://radiopaedia.org/articles/pneumoperitoneum,https://prod-images-static.radiopaedia.org/images/24465/6dac68ce10cab3c0605e8fe86733b7_big_gallery.jpeg,2,ok
Gastrointestinal,Pneumoperitoneum,https://radiopaedia.org/articles/pneumoperitoneum,https://prod-images-static.radiopaedia.org/images/15094/cc00ef2b1cc452c017c18fe6821135_big_gallery.jpeg,3,ok
Gastrointestinal,Esophageal cancer,,,,not_found
Gastrointestinal,Gastric cancer,,,,not_found
Gastrointestinal,Colon cancer,,,,not_found
Gastrointestinal,Crohn's disease,,,,not_found
Gastrointestinal,Ulcerative colitis,https://radiopaedia.org/articles/ulcerative-colitis,https://prod-images-static.radiopaedia.org/images/1578441/fe55d701d08e58dab467a8f975295d_gallery.jpg,1,ok
Gastrointestinal,Ulcerative colitis,https://radiopaedia.org/articles/ulcerative-colitis,https://prod-images-static.radiopaedia.org/images/1578441/fe55d701d08e58dab467a8f975295d_big_gallery.jpg,2,ok
Gastrointestinal,Ulcerative colitis,https://radiopaedia.org/articles/ulcerative-colitis,https://prod-images-static.radiopaedia.org/images/24800/eef03b2d007a2e191bcb3e514dfcfa_big_gallery.jpeg,3,ok
Gastrointestinal,Intussusception,https://radiopaedia.org/articles/intussusception,https://prod-images-static.radiopaedia.org/images/3021591/5bf2f09304eb95649221f428898fbd_gallery.JPG,1,ok
Gastrointestinal,Intussusception,https://radiopaedia.org/articles/intussusception,https://prod-images-static.radiopaedia.org/images/3021591/5bf2f09304eb95649221f428898fbd_big_gallery.JPG,2,ok
Gastrointestinal,Intussusception,https://radiopaedia.org/articles/intussusception,https://prod-images-static.radiopaedia.org/images/55801502/Stool_big_gallery.jpeg,3,ok
Gastrointestinal,Volvulus,https://radiopaedia.org/articles/sigmoid-volvulus,https://prod-images-static.radiopaedia.org/images/52635709/65756cc47e49a1d1b6f2d698e42d1ec4e9aa0ac4be4f60496feef04284ccf164_gallery.jpeg,1,ok
Gastrointestinal,Volvulus,https://radiopaedia.org/articles/sigmoid-volvulus,https://prod-images-static.radiopaedia.org/images/52635709/65756cc47e49a1d1b6f2d698e42d1ec4e9aa0ac4be4f60496feef04284ccf164_big_gallery.jpeg,2,ok
Gastrointestinal,Volvulus,https://radiopaedia.org/articles/sigmoid-volvulus,https://prod-images-static.radiopaedia.org/images/22763/0312cc34edf2c38859b96c86aca03f_big_gallery.jpeg,3,ok
Gastrointestinal,Mesenteric ischemia,https://radiopaedia.org/articles/mesenteric-ischaemia,https://prod-images-static.radiopaedia.org/images/7433912/752a62590d21395182b6f29b4ab8b9d005e0ec6a7a33ca9f8e4445f644d04324_gallery.jpeg,1,ok
Gastrointestinal,Mesenteric ischemia,https://radiopaedia.org/articles/mesenteric-ischaemia,https://prod-images-static.radiopaedia.org/images/7433912/752a62590d21395182b6f29b4ab8b9d005e0ec6a7a33ca9f8e4445f644d04324_big_gallery.jpeg,2,ok
Gastrointestinal,Mesenteric ischemia,https://radiopaedia.org/articles/mesenteric-ischaemia,https://prod-images-static.radiopaedia.org/images/29886933/30cd3c2439375d1f5c3e753f4faea7bfa7659803a33f477f48736f70ab58cac7_big_gallery.jpeg,3,ok
Gastrointestinal,Pneumatosis intestinalis,https://radiopaedia.org/articles/pneumatosis-intestinalis,https://prod-images-static.radiopaedia.org/images/1439225/6dc15c5a4e5e08a5aa2f1a1153a07c_gallery.jpeg,1,ok
Gastrointestinal,Pneumatosis intestinalis,https://radiopaedia.org/articles/pneumatosis-intestinalis,https://prod-images-static.radiopaedia.org/images/1439225/6dc15c5a4e5e08a5aa2f1a1153a07c_big_gallery.jpeg,2,ok
Gastrointestinal,Pneumatosis intestinalis,https://radiopaedia.org/articles/pneumatosis-intestinalis,https://prod-images-static.radiopaedia.org/images/545624/0459ff57d70fb62f5317efc59e84c7_big_gallery.jpg,3,ok
Musculoskeletal/Spine,Fractures (general),,,,not_found
Musculoskeletal/Spine,Hip fracture,https://radiopaedia.org/articles/neck-of-femur-fracture,https://prod-images-static.radiopaedia.org/images/124/aa957086adb5654a4106d60981b68e_gallery.jpeg,1,ok
Musculoskeletal/Spine,Hip fracture,https://radiopaedia.org/articles/neck-of-femur-fracture,https://prod-images-static.radiopaedia.org/images/124/aa957086adb5654a4106d60981b68e_big_gallery.jpeg,2,ok
Musculoskeletal/Spine,Hip fracture,https://radiopaedia.org/articles/neck-of-femur-fracture,https://prod-images-static.radiopaedia.org/images/57897095/0._big_gallery.jpeg,3,ok
Musculoskeletal/Spine,Scaphoid fracture,https://radiopaedia.org/articles/scaphoid-fracture,https://prod-images-static.radiopaedia.org/images/47507083/e959437164fb50004c50afbbfd1701_gallery.jpeg,1,ok
Musculoskeletal/Spine,Scaphoid fracture,https://radiopaedia.org/articles/scaphoid-fracture,https://prod-images-static.radiopaedia.org/images/47507083/e959437164fb50004c50afbbfd1701_big_gallery.jpeg,2,ok
Musculoskeletal/Spine,Scaphoid fracture,https://radiopaedia.org/articles/scaphoid-fracture,https://prod-images-static.radiopaedia.org/images/61880398/d3ce2589f8bb0a510c49a0a9c59c329bf235d16ed5203254169f45135ba36fb7_big_gallery.jpeg,3,ok
Musculoskeletal/Spine,Vertebral compression fracture,,,,not_found
Musculoskeletal/Spine,Rib fracture,https://radiopaedia.org/articles/rib-fracture,https://prod-images-static.radiopaedia.org/images/8060154/f8772e90c3e15268adaf0b5b2da955_gallery.jpeg,1,ok
Musculoskeletal/Spine,Rib fracture,https://radiopaedia.org/articles/rib-fracture,https://prod-images-static.radiopaedia.org/images/8060154/f8772e90c3e15268adaf0b5b2da955_big_gallery.jpeg,2,ok
Musculoskeletal/Spine,Rib fracture,https://radiopaedia.org/articles/rib-fracture,https://prod-images-static.radiopaedia.org/images/7866511/8742c6e7b8e74dbc77a2e307ae9255_big_gallery.jpg,3,ok
Musculoskeletal/Spine,Clavicle fracture,https://radiopaedia.org/articles/clavicle-fracture,https://prod-images-static.radiopaedia.org/images/2000734/2cd63c46fc6575e127096ac73257ad_gallery.jpg,1,ok
Musculoskeletal/Spine,Clavicle fracture,https://radiopaedia.org/articles/clavicle-fracture,https://prod-images-static.radiopaedia.org/images/2000734/2cd63c46fc6575e127096ac73257ad_big_gallery.jpg,2,ok
Musculoskeletal/Spine,Clavicle fracture,https://radiopaedia.org/articles/clavicle-fracture,https://prod-images-static.radiopaedia.org/images/27227555/1704e1789edd0dfd3160b36baf9b796907d2f07c548bdd531bb9a42bd0f80a35_big_gallery.jpeg,3,ok
Musculoskeletal/Spine,Orbital fracture,https://radiopaedia.org/articles/orbital-blowout-fracture,https://prod-images-static.radiopaedia.org/images/5772998/3a2e03d34953613f911fd737922e15_gallery.jpg,1,ok
Musculoskeletal/Spine,Orbital fracture,https://radiopaedia.org/articles/orbital-blowout-fracture,https://prod-images-static.radiopaedia.org/images/5772998/3a2e03d34953613f911fd737922e15_big_gallery.jpg,2,ok
Musculoskeletal/Spine,Orbital fracture,https://radiopaedia.org/articles/orbital-blowout-fracture,https://prod-images-static.radiopaedia.org/images/54243544/coronal_soft.Seq302.Ser0.Img41_big_gallery.jpeg,3,ok
Musculoskeletal/Spine,Scoliosis,https://radiopaedia.org/articles/scoliosis,https://prod-images-static.radiopaedia.org/images/43633741/cec91d9ab63f34206abbd87836fdd9_gallery.jpeg,1,ok
Musculoskeletal/Spine,Scoliosis,https://radiopaedia.org/articles/scoliosis,https://prod-images-static.radiopaedia.org/images/43633741/cec91d9ab63f34206abbd87836fdd9_big_gallery.jpeg,2,ok
Musculoskeletal/Spine,Scoliosis,https://radiopaedia.org/articles/scoliosis,https://prod-images-static.radiopaedia.org/images/17198/d6a5a89c7a0d95b2092dbd174516d6_big_gallery.jpeg,3,ok
Musculoskeletal/Spine,Osteomyelitis,https://radiopaedia.org/articles/osteomyelitis,https://prod-images-static.radiopaedia.org/images/56149590/Untitled_Artwork__9__gallery.jpeg,1,ok
Musculoskeletal/Spine,Osteomyelitis,https://radiopaedia.org/articles/osteomyelitis,https://prod-images-static.radiopaedia.org/images/56149590/Untitled_Artwork__9__big_gallery.jpeg,2,ok
Musculoskeletal/Spine,Osteomyelitis,https://radiopaedia.org/articles/osteomyelitis,https://prod-images-static.radiopaedia.org/images/16522/8ada203fa69e9f76dfa3b06fc52f7fdd2222b0946e812010001c7c0541dd2d49_big_gallery.jpeg,3,ok
Musculoskeletal/Spine,Osteoarthritis,https://radiopaedia.org/articles/osteoarthritis,https://prod-images-static.radiopaedia.org/images/49954621/b6c0d9b61472c3be0a4cfd8d7977ef_gallery.jpeg,1,ok
Musculoskeletal/Spine,Osteoarthritis,https://radiopaedia.org/articles/osteoarthritis,https://prod-images-static.radiopaedia.org/images/49954621/b6c0d9b61472c3be0a4cfd8d7977ef_big_gallery.jpeg,2,ok
Musculoskeletal/Spine,Osteoarthritis,https://radiopaedia.org/articles/osteoarthritis,https://prod-images-static.radiopaedia.org/images/135647/2eeee0a3ef1b6191d8a0684218e676_big_gallery.jpg,3,ok
Musculoskeletal/Spine,Cervical spondylosis,,,,not_found
Musculoskeletal/Spine,Spinal stenosis,,,,not_found
Musculoskeletal/Spine,Herniated disc,https://radiopaedia.org/articles/disc-herniation,https://prod-images-static.radiopaedia.org/images/24786/904f84d345d72215528758bee6f2cc_gallery.jpeg,1,ok
Musculoskeletal/Spine,Herniated disc,https://radiopaedia.org/articles/disc-herniation,https://prod-images-static.radiopaedia.org/images/24786/904f84d345d72215528758bee6f2cc_big_gallery.jpeg,2,ok
Musculoskeletal/Spine,Herniated disc,https://radiopaedia.org/articles/disc-herniation,https://prod-images-static.radiopaedia.org/images/12738056/076a23012e343a4b8e7452e3dc0b0a_big_gallery.jpg,3,ok
Musculoskeletal/Spine,Spondylolisthesis,https://radiopaedia.org/articles/spondylolisthesis,https://prod-images-static.radiopaedia.org/images/34972758/8f3a91c6cbf57f391fbac56d70de71_gallery.jpeg,1,ok
Musculoskeletal/Spine,Spondylolisthesis,https://radiopaedia.org/articles/spondylolisthesis,https://prod-images-static.radiopaedia.org/images/34972758/8f3a91c6cbf57f391fbac56d70de71_big_gallery.jpeg,2,ok
Musculoskeletal/Spine,Spondylolisthesis,https://radiopaedia.org/articles/spondylolisthesis,https://prod-images-static.radiopaedia.org/images/4092009/8ddb0422f1b694c63891f9deda56aa_big_gallery.jpg,3,ok
Musculoskeletal/Spine,Ankylosing spondylitis,,,,not_found
Soft Tissue/Joints,Rotator cuff tear,https://radiopaedia.org/articles/rotator-cuff-tear,https://prod-images-static.radiopaedia.org/images/1604665/9ab8522fa03bb580792a06226a72e3_gallery.jpg,1,ok
Soft Tissue/Joints,Rotator cuff tear,https://radiopaedia.org/articles/rotator-cuff-tear,https://prod-images-static.radiopaedia.org/images/1604665/9ab8522fa03bb580792a06226a72e3_big_gallery.jpg,2,ok
Soft Tissue/Joints,Rotator cuff tear,https://radiopaedia.org/articles/rotator-cuff-tear,https://prod-images-static.radiopaedia.org/images/1181097/cf6188085df7990d397028a30ba5cd_big_gallery.jpg,3,ok
Soft Tissue/Joints,Meniscal tear,https://radiopaedia.org/articles/meniscal-tear,https://prod-images-static.radiopaedia.org/images/32634699/7e86921ae743195b5530881a1a157b_gallery.jpeg,1,ok
Soft Tissue/Joints,Meniscal tear,https://radiopaedia.org/articles/meniscal-tear,https://prod-images-static.radiopaedia.org/images/32634699/7e86921ae743195b5530881a1a157b_big_gallery.jpeg,2,ok
Soft Tissue/Joints,Meniscal tear,https://radiopaedia.org/articles/meniscal-tear,https://prod-images-static.radiopaedia.org/images/52121909/b7689ccd662e817b60eeef6b577677_big_gallery.jpeg,3,ok
Soft Tissue/Joints,ACL tear,https://radiopaedia.org/articles/acl-tear,https://prod-images-static.radiopaedia.org/images/2880696/fe8e9a9dd90d993e704da196b43d84_gallery.jpg,1,ok
Soft Tissue/Joints,ACL tear,https://radiopaedia.org/articles/acl-tear,https://prod-images-static.radiopaedia.org/images/2880696/fe8e9a9dd90d993e704da196b43d84_big_gallery.jpg,2,ok
Soft Tissue/Joints,ACL tear,https://radiopaedia.org/articles/acl-tear,https://prod-images-static.radiopaedia.org/images/590017/994f72bdb3c7c58a22fe52b41b8b5acfeac621ca2572799b785e91bcb688525e_big_gallery.jpeg,3,ok
Soft Tissue/Joints,Achilles tendon rupture,,,,not_found
Endocrine,Thyroid nodule,https://radiopaedia.org/articles/thyroid-nodule,https://prod-images-static.radiopaedia.org/images/32567801/0f673c587c0dae578bb7a247bb3606_gallery.jpeg,1,ok
Endocrine,Thyroid nodule,https://radiopaedia.org/articles/thyroid-nodule,https://prod-images-static.radiopaedia.org/images/32567801/0f673c587c0dae578bb7a247bb3606_big_gallery.jpeg,2,ok
Endocrine,Thyroid nodule,https://radiopaedia.org/articles/thyroid-nodule,https://prod-images-static.radiopaedia.org/images/32476945/bdbdd89b0b0e501d7c17e8d9f1a3f5_big_gallery.jpeg,3,ok
Endocrine,Thyroid goiter,,,,not_found
Endocrine,Parathyroid adenoma,https://radiopaedia.org/articles/parathyroid-adenoma,https://prod-images-static.radiopaedia.org/images/25104956/1ff33d84b761a88bcbcafe94f7c981_gallery.jpeg,1,ok
Endocrine,Parathyroid adenoma,https://radiopaedia.org/articles/parathyroid-adenoma,https://prod-images-static.radiopaedia.org/images/25104956/1ff33d84b761a88bcbcafe94f7c981_big_gallery.jpeg,2,ok
Endocrine,Parathyroid adenoma,https://radiopaedia.org/articles/parathyroid-adenoma,https://prod-images-static.radiopaedia.org/images/1706437/b8ebcac7467e63627fe50c1aca4590_big_gallery.jpg,3,ok
Endocrine,Adrenal adenoma,https://radiopaedia.org/articles/adrenal-adenoma,https://prod-images-static.radiopaedia.org/images/545672/bad82de351238a4cf68b8f5d16d5b0_gallery.jpeg,1,ok
Endocrine,Adrenal adenoma,https://radiopaedia.org/articles/adrenal-adenoma,https://prod-images-static.radiopaedia.org/images/545672/bad82de351238a4cf68b8f5d16d5b0_big_gallery.jpeg,2,ok
Endocrine,Adrenal adenoma,https://radiopaedia.org/articles/adrenal-adenoma,https://prod-images-static.radiopaedia.org/images/53636477/s10_big_gallery.jpeg,3,ok
Endocrine,Pheochromocytoma,,,,not_found
Endocrine,Cushing syndrome (pituitary adenoma),https://radiopaedia.org/articles/cushing-disease,https://prod-images-static.radiopaedia.org/images/18903/af89430a21004cf157275ccf332a75_gallery.jpeg,1,ok
Endocrine,Cushing syndrome (pituitary adenoma),https://radiopaedia.org/articles/cushing-disease,https://prod-images-static.radiopaedia.org/images/18903/af89430a21004cf157275ccf332a75_big_gallery.jpeg,2,ok
Endocrine,Cushing syndrome (pituitary adenoma),https://radiopaedia.org/articles/cushing-disease,https://prod-images-static.radiopaedia.org/images/2838459/64fb6151f2ce05f6c5b70723df7599_big_gallery.jpg,3,ok
Reproductive,Ovarian cyst,,,,not_found
Reproductive,Uterine fibroids,,,,not_found
Reproductive,Prostate enlargement (BPH),https://radiopaedia.org/articles/benign-prostatic-hyperplasia,https://prod-images-static.radiopaedia.org/images/963/eb7b4813c5acd5847041a76bfa08b3eb94959aa7bcbdb30233fc4029ece16194_gallery.jpeg,1,ok
Reproductive,Prostate enlargement (BPH),https://radiopaedia.org/articles/benign-prostatic-hyperplasia,https://prod-images-static.radiopaedia.org/images/963/eb7b4813c5acd5847041a76bfa08b3eb94959aa7bcbdb30233fc4029ece16194_big_gallery.jpeg,2,ok
Reproductive,Prostate enlargement (BPH),https://radiopaedia.org/articles/benign-prostatic-hyperplasia,https://prod-images-static.radiopaedia.org/images/420/dabb9954c6d02165278318fa035410_big_gallery.jpeg,3,ok
Reproductive,Testicular torsion,https://radiopaedia.org/articles/testicular-torsion,https://prod-images-static.radiopaedia.org/images/552239/640114ef5014f2e366e87f6b726de2_gallery.jpeg,1,ok
Reproductive,Testicular torsion,https://radiopaedia.org/articles/testicular-torsion,https://prod-images-static.radiopaedia.org/images/552239/640114ef5014f2e366e87f6b726de2_big_gallery.jpeg,2,ok
Reproductive,Testicular torsion,https://radiopaedia.org/articles/testicular-torsion,https://prod-images-static.radiopaedia.org/images/552240/0b56088cf1469bbb08f03ed87cc868_big_gallery.jpeg,3,ok
Oncology/Cancer,Tumor (general),,,,not_found
Oncology/Cancer,Lymphoma,https://radiopaedia.org/articles/lymphoma,https://prod-images-static.radiopaedia.org/images/22502/6711475171668bd76b41d403849dfc_gallery.jpeg,1,ok
Oncology/Cancer,Lymphoma,https://radiopaedia.org/articles/lymphoma,https://prod-images-static.radiopaedia.org/images/22502/6711475171668bd76b41d403849dfc_big_gallery.jpeg,2,ok
Oncology/Cancer,Lymphoma,https://radiopaedia.org/articles/lymphoma,https://prod-images-static.radiopaedia.org/images/22328/964f22cc285ef868d5d5cf2ebedf05_big_gallery.jpeg,3,ok
Oncology/Cancer,Metastases,,,,not_found
Oncology/Cancer,Breast cancer,,,,not_found
Oncology/Cancer,Pancreatic cancer,https://radiopaedia.org/articles/pancreatic-adenocarcinoma,https://prod-images-static.radiopaedia.org/images/1585483/6e0f7677d1c430f279415a063b55e2f57bee38b2730f568c99198abcb885a9fd_gallery.jpeg,1,ok
Oncology/Cancer,Pancreatic cancer,https://radiopaedia.org/articles/pancreatic-adenocarcinoma,https://prod-images-static.radiopaedia.org/images/1585483/6e0f7677d1c430f279415a063b55e2f57bee38b2730f568c99198abcb885a9fd_big_gallery.jpeg,2,ok
Oncology/Cancer,Pancreatic cancer,https://radiopaedia.org/articles/pancreatic-adenocarcinoma,https://prod-images-static.radiopaedia.org/images/54008125/110173_big_gallery.jpeg,3,ok
Other Organs,Splenomegaly,https://radiopaedia.org/articles/splenomegaly,https://prod-images-static.radiopaedia.org/images/52650402/01b47d6c46ec42837598681ff06b8c_gallery.jpeg,1,ok
Other Organs,Splenomegaly,https://radiopaedia.org/articles/splenomegaly,https://prod-images-static.radiopaedia.org/images/52650402/01b47d6c46ec42837598681ff06b8c_big_gallery.jpeg,2,ok
Other Organs,Splenomegaly,https://radiopaedia.org/articles/splenomegaly,https://prod-images-static.radiopaedia.org/images/53415844/splenomegaly9201136_big_gallery.jpeg,3,ok
Other Organs,Splenic rupture,,,,not_found
Other Organs,Ascites,https://radiopaedia.org/articles/ascites,https://prod-images-static.radiopaedia.org/images/10498050/ae0efc1b552ff28df1ac70c0351393_gallery.jpeg,1,ok
Other Organs,Ascites,https://radiopaedia.org/articles/ascites,https://prod-images-static.radiopaedia.org/images/10498050/ae0efc1b552ff28df1ac70c0351393_big_gallery.jpeg,2,ok
Other Organs,Ascites,https://radiopaedia.org/articles/ascites,https://prod-images-static.radiopaedia.org/images/6954392/80b3fa11537b86a9df167e76d4c044_big_gallery.jpg,3,ok
Other Organs,Sinusitis,,,,not_found
Other Organs,Pancreatitis,https://radiopaedia.org/articles/acute-pancreatitis,https://prod-images-static.radiopaedia.org/images/5900021/0c97f893a51c82691beae25da2f3c2_gallery.jpg,1,ok
Other Organs,Pancreatitis,https://radiopaedia.org/articles/acute-pancreatitis,https://prod-images-static.radiopaedia.org/images/5900021/0c97f893a51c82691beae25da2f3c2_big_gallery.jpg,2,ok
Other Organs,Pancreatitis,https://radiopaedia.org/articles/acute-pancreatitis,https://prod-images-static.radiopaedia.org/images/595477/d63c92095afee076778b1fce6e79d6_big_gallery.jpeg,3,ok
Other Organs,UTI/Pyelonephritis,https://radiopaedia.org/articles/pyelonephritis,https://prod-images-static.radiopaedia.org/images/26396/a5f70cd59a71926c410786dec90dac_gallery.jpeg,1,ok
Other Organs,UTI/Pyelonephritis,https://radiopaedia.org/articles/pyelonephritis,https://prod-images-static.radiopaedia.org/images/26396/a5f70cd59a71926c410786dec90dac_big_gallery.jpeg,2,ok
Other Organs,UTI/Pyelonephritis,https://radiopaedia.org/articles/pyelonephritis,https://prod-images-static.radiopaedia.org/images/480170/7e950becf5fae9067a38a5be46e065_big_gallery.jpg,3,ok
Other Organs,Inguinal hernia,https://radiopaedia.org/articles/inguinal-hernia,https://prod-images-static.radiopaedia.org/images/24952/f984108d50821ed092df4041c67b40_gallery.jpeg,1,ok
Other Organs,Inguinal hernia,https://radiopaedia.org/articles/inguinal-hernia,https://prod-images-static.radiopaedia.org/images/24952/f984108d50821ed092df4041c67b40_big_gallery.jpeg,2,ok
Other Organs,Inguinal hernia,https://radiopaedia.org/articles/inguinal-hernia,https://prod-images-static.radiopaedia.org/images/627161/f18e48456ba83cb291a10efffcccce_big_gallery.jpg,3,ok
Other Organs,Abdominal aortic calcification,,,,not_found
